{"cameraMode":{"drawMode":0,"name":"Shaded","section":"Shading Mode"},"sceneLighting":false,"audioPlay":false,"sceneViewState":{"m_AlwaysRefresh":false,"showFog":true,"showSkybox":false,"showFlares":true,"showImageEffects":true,"showParticleSystems":true,"showVisualEffectGraphs":true,"m_FxEnabled":true},"in2DMode":false,"pivot":{"x":0.48730531334877016,"y":1.6930203437805176,"z":1.0982189178466797},"rotation":{"x":0.030919412150979043,"y":-0.896390974521637,"z":0.06329409033060074,"w":0.43767252564430239},"size":0.8756135702133179,"orthographic":false}